[{
 "categoryString": "EXTENSION",
 "dateBuilt": "2020-02-25T16:49:55-0500",
 "nonVisible": "true",
 "iconName": "images/extension.png",
 "methods": [],
 "blockProperties": [
  {
   "rw": "read-only",
   "deprecated": "false",
   "name": "Available",
   "description": "Returns true if there is a microphone available to listen with.",
   "type": "boolean"
  },
  {
   "rw": "read-write",
   "deprecated": "false",
   "name": "Enabled",
   "description": "Set whether or not the Sound Pressure Level is enabled and listening.",
   "type": "boolean"
  },
  {
   "rw": "read-write",
   "deprecated": "false",
   "name": "ListenIntervalMilliseconds",
   "description": "Set the interval of time to listen in milliseconds.",
   "type": "number"
  },
  {
   "rw": "read-only",
   "deprecated": "false",
   "name": "SoundPressureLevel",
   "description": "Gets the last measured sound pressure level in decibels.",
   "type": "number"
  }
 ],
 "helpUrl": "",
 "type": "com.rit.appinventor.components.runtime.SoundPressureLevel",
 "androidMinSdk": 7,
 "version": "1",
 "external": "true",
 "showOnPalette": "true",
 "name": "SoundPressureLevel",
 "helpString": "Non-visible component that can collect sound pressure level data",
 "properties": [
  {
   "defaultValue": "True",
   "name": "Enabled",
   "editorArgs": [],
   "editorType": "boolean"
  },
  {
   "defaultValue": "200",
   "name": "ListenIntervalMilliseconds",
   "editorArgs": [],
   "editorType": "integer"
  }
 ],
 "events": [{
  "deprecated": "false",
  "name": "SoundPressureLevelUpdated",
  "description": "Event that is called on a set time period to update the sound pressure level.",
  "params": [
   {
    "name": "decibels",
    "type": "number"
   },
   {
    "name": "aWeightedDecibels",
    "type": "number"
   },
   {
    "name": "cWeightedDecibels",
    "type": "number"
   }
  ]
 }]
}]